제목,URL,게시자,이웃 수,게시일,좋아요 수,댓글 수
"자기소개서 학창시절,자소서 학교생활",https://blog.naver.com/hw3731/221959099011,희원다움,"1,686",2020. 5. 12. 18:36,0,1
"[짧은 답변] Q54. 나이는 많은데, 사회 경험은 별로 없다면 자소서를 어떤 식으로 써야 할까요?",https://blog.naver.com/mentogonam/222001837025,멘토 고남이,-,2020. 6. 15. 21:58,3,2
자소서 학창시절 작성 어렵다면 꼭 합격자소서 참고!,https://blog.naver.com/ay54werh7/222198294666,Limi,247,2021. 1. 6. 14:07,0,0
자소서 학창시절 항목에 반드시 써야하는 이것?!,https://blog.naver.com/nobrano/222467211788,허겁직업,-,2021. 8. 12. 16:42,-,0
인담자의 이목을 사로잡는 자소서 학창시절 작성법,https://blog.naver.com/anacondal/220611491507,팩트폭력배,,2016. 1. 28. 17:13,1,0
자소서학창시절 직무별 키포인트만 알면 문제없다,https://blog.naver.com/career_bang/220761136292,즐겁구낭,85,2016. 7. 13. 15:12,-,0
자소서 학창시절 이렇게 쓰기. 합격을 위한 진짜 꿀팁,https://blog.naver.com/dokgodie0220/222476259639,독고,,2021. 8. 19. 15:16,-,0
2023학년도 직무중심 자기소개서 경진대회 참여 & 수상 후기,https://blog.naver.com/dju1980/223179987435,대전대학교,-,2023. 8. 10. 13:18,-,0
[꿈날개 우수코칭사례]자기소개서 주요 문항별 작성 포인트!,https://blog.naver.com/dreamgodream/223116337689,꿈날개,-,2023. 5. 31. 11:25,11,2
"자기소개서 성장과정, 성격의 장단점 예시, 자소서 쓰는 법 공부",https://blog.naver.com/claykim999/223138970542,월천실현가,"8,614",2023. 6. 26. 12:42,71,7
[자기소개서] 취업 준비 실무 자기소개서 작성 꿀팁,https://blog.naver.com/hoho_kjw/223136800239,인클라우드에듀,-,2023. 6. 23. 15:36,0,0
2023년 한국도로공사 (ex) 인턴 자기소개서 항목풀이,https://blog.naver.com/nsandyk/223136508993,젊다네,"19,404",2023. 6. 23. 9:12,10,2
이력서 자기소개서 핵심을 알면 올바른 작성방법이 보입니다.,https://blog.naver.com/jobssuda/223134025308,잡s수다,,2023. 6. 20. 16:57,27,1
자기소개서 역량 쓰는TIP (공통역량/직무역량),https://blog.naver.com/nobrano/223140271245,허겁직업,-,2023. 6. 27. 17:06,-,1
직무중심 자기소개서 경진대회 참여 후기,https://blog.naver.com/dju1980/223138701024,대전대학교,-,2023. 6. 26. 5:23,-,1
